{
  "total_comments": 8813,
  "positive_comments": 3575,
  "negative_comments": 1084,
  "neutral_comments": 4154,
  "positive_percentage": 40.56507432202428,
  "negative_percentage": 12.300011346873935,
  "neutral_percentage": 47.13491433110178,
  "avg_sentiment": 0.10351027667821898,
  "sentiment_std": 0.2817436610638841,
  "sentiment_median": 0.02236111111111111,
  "sentiment_min": -1.0,
  "sentiment_max": 1.0,
  "avg_text_length": 214.8413707023715,
  "sentiment_by_length": {
    "medium": {
      "count": 2054,
      "avg_sentiment": 0.11356851481907775,
      "positive_ratio": 0.3977604673807206
    },
    "short": {
      "count": 2463,
      "avg_sentiment": 0.09925507797120875,
      "positive_ratio": 0.28095818107998377
    },
    "very_long": {
      "count": 2464,
      "avg_sentiment": 0.1016603236807457,
      "positive_ratio": 0.5016233766233766
    },
    "long": {
      "count": 1832,
      "avg_sentiment": 0.1004421639379441,
      "positive_ratio": 0.45305676855895194
    }
  }
}